2.236478328704833984e-01,0.000000000000000000e+00,0.000000000000000000e+00,0.000000000000000000e+00,0.000000000000000000e+00,0.000000000000000000e+00,0.000000000000000000e+00,0.000000000000000000e+00,0.000000000000000000e+00,0.000000000000000000e+00,0.000000000000000000e+00
1.240364074707031250e+00,2.650000000000000000e+01,-4.431600000000000250e+01,2.737500000000000000e+01,5.630000000000000000e+02,6.653999999999999915e+00,0.000000000000000000e+00,1.238199999999999967e+01,3.000000000000000000e+01,5.579000000000000000e+03,2.365000000000000000e+03
2.243577480316162109e+00,2.650000000000000000e+01,-4.431600000000000250e+01,2.737500000000000000e+01,5.620000000000000000e+02,6.653999999999999915e+00,0.000000000000000000e+00,1.238199999999999967e+01,3.000000000000000000e+01,5.583000000000000000e+03,2.363000000000000000e+03
3.248928546905517578e+00,2.650000000000000000e+01,-4.431600000000000250e+01,2.737500000000000000e+01,5.630000000000000000e+02,6.653999999999999915e+00,2.496999999999999886e+00,1.098499999999999943e+01,3.000000000000000000e+01,5.580000000000000000e+03,2.356000000000000000e+03
4.251439571380615234e+00,2.650000000000000000e+01,-4.431600000000000250e+01,2.737500000000000000e+01,5.620000000000000000e+02,6.653999999999999915e+00,2.438000000000000167e+00,1.098499999999999943e+01,3.000000000000000000e+01,5.586000000000000000e+03,2.359000000000000000e+03
5.259764432907104492e+00,2.656200000000000117e+01,-4.431600000000000250e+01,2.737500000000000000e+01,5.600000000000000000e+02,6.653999999999999915e+00,2.438000000000000167e+00,1.102200000000000024e+01,3.000000000000000000e+01,5.583000000000000000e+03,2.358000000000000000e+03
6.261267900466918945e+00,2.656200000000000117e+01,-4.431600000000000250e+01,2.737500000000000000e+01,5.580000000000000000e+02,6.653999999999999915e+00,2.347999999999999865e+00,1.102200000000000024e+01,3.000000000000000000e+01,5.592000000000000000e+03,2.364000000000000000e+03
7.254986047744750977e+00,2.656200000000000117e+01,-4.431600000000000250e+01,2.737500000000000000e+01,5.580000000000000000e+02,6.653999999999999915e+00,2.438000000000000167e+00,1.105899999999999928e+01,3.000000000000000000e+01,5.589000000000000000e+03,2.356000000000000000e+03
8.274307966232299805e+00,2.662500000000000000e+01,-4.431600000000000250e+01,2.737500000000000000e+01,5.580000000000000000e+02,6.653999999999999915e+00,2.438000000000000167e+00,1.109600000000000009e+01,3.000000000000000000e+01,5.588000000000000000e+03,2.367000000000000000e+03
9.281653165817260742e+00,2.662500000000000000e+01,-4.431600000000000250e+01,2.737500000000000000e+01,5.580000000000000000e+02,6.653999999999999915e+00,2.438000000000000167e+00,1.109600000000000009e+01,3.000000000000000000e+01,5.597000000000000000e+03,2.364000000000000000e+03
1.029656624794006348e+01,2.668799999999999883e+01,-4.431600000000000250e+01,2.737500000000000000e+01,5.570000000000000000e+02,6.653999999999999915e+00,2.407999999999999918e+00,1.105899999999999928e+01,3.000000000000000000e+01,5.603000000000000000e+03,2.362000000000000000e+03
1.130864024162292480e+01,2.668799999999999883e+01,-4.431600000000000250e+01,2.737500000000000000e+01,5.570000000000000000e+02,6.653999999999999915e+00,2.438000000000000167e+00,1.105899999999999928e+01,3.000000000000000000e+01,5.602000000000000000e+03,2.368000000000000000e+03
1.230870079994201660e+01,2.668799999999999883e+01,-4.431600000000000250e+01,2.737500000000000000e+01,5.570000000000000000e+02,6.653999999999999915e+00,2.438000000000000167e+00,1.109600000000000009e+01,3.000000000000000000e+01,5.598000000000000000e+03,2.370000000000000000e+03
1.330971050262451172e+01,2.675000000000000000e+01,-4.431600000000000250e+01,2.737500000000000000e+01,5.570000000000000000e+02,6.653999999999999915e+00,2.407999999999999918e+00,1.102200000000000024e+01,3.000000000000000000e+01,5.604000000000000000e+03,2.369000000000000000e+03
1.432369303703308105e+01,2.675000000000000000e+01,-4.431600000000000250e+01,2.737500000000000000e+01,5.570000000000000000e+02,6.653999999999999915e+00,2.407999999999999918e+00,1.105899999999999928e+01,3.000000000000000000e+01,5.603000000000000000e+03,2.373000000000000000e+03
1.532531881332397461e+01,2.681200000000000117e+01,-4.431600000000000250e+01,2.737500000000000000e+01,5.570000000000000000e+02,6.653999999999999915e+00,2.407999999999999918e+00,1.113199999999999967e+01,3.000000000000000000e+01,5.604000000000000000e+03,2.369000000000000000e+03
1.634031915664672852e+01,2.681200000000000117e+01,-4.431600000000000250e+01,2.737500000000000000e+01,5.570000000000000000e+02,6.653999999999999915e+00,2.378000000000000114e+00,1.105899999999999928e+01,3.000000000000000000e+01,5.610000000000000000e+03,2.377000000000000000e+03
1.734858417510986328e+01,2.687500000000000000e+01,-4.431600000000000250e+01,2.737500000000000000e+01,5.570000000000000000e+02,6.653999999999999915e+00,2.347999999999999865e+00,1.116900000000000048e+01,3.000000000000000000e+01,5.601000000000000000e+03,2.374000000000000000e+03
1.836181402206420898e+01,2.687500000000000000e+01,-4.431600000000000250e+01,2.737500000000000000e+01,5.580000000000000000e+02,6.653999999999999915e+00,2.407999999999999918e+00,1.113199999999999967e+01,3.000000000000000000e+01,5.609000000000000000e+03,2.366000000000000000e+03
1.937695837020874023e+01,2.693799999999999883e+01,-4.431600000000000250e+01,2.737500000000000000e+01,5.580000000000000000e+02,6.653999999999999915e+00,2.347999999999999865e+00,1.116900000000000048e+01,3.000000000000000000e+01,5.612000000000000000e+03,2.371000000000000000e+03
2.037245869636535645e+01,2.693799999999999883e+01,-4.431600000000000250e+01,2.737500000000000000e+01,5.580000000000000000e+02,6.653999999999999915e+00,2.378000000000000114e+00,1.109600000000000009e+01,3.000000000000000000e+01,5.618000000000000000e+03,2.380000000000000000e+03
2.139233565330505371e+01,2.693799999999999883e+01,-4.431600000000000250e+01,2.737500000000000000e+01,5.590000000000000000e+02,6.653999999999999915e+00,2.407999999999999918e+00,1.120599999999999952e+01,3.000000000000000000e+01,5.619000000000000000e+03,2.371000000000000000e+03
2.239650726318359375e+01,2.700000000000000000e+01,-4.431600000000000250e+01,2.737500000000000000e+01,5.590000000000000000e+02,6.653999999999999915e+00,2.347999999999999865e+00,1.109600000000000009e+01,3.000000000000000000e+01,5.615000000000000000e+03,2.383000000000000000e+03
2.340958476066589355e+01,2.700000000000000000e+01,-4.431600000000000250e+01,2.737500000000000000e+01,5.600000000000000000e+02,6.653999999999999915e+00,2.378000000000000114e+00,1.116900000000000048e+01,3.000000000000000000e+01,5.620000000000000000e+03,2.381000000000000000e+03
2.441062784194946289e+01,2.706200000000000117e+01,-4.431600000000000250e+01,2.737500000000000000e+01,5.600000000000000000e+02,6.653999999999999915e+00,2.378000000000000114e+00,1.116900000000000048e+01,3.000000000000000000e+01,5.615000000000000000e+03,2.378000000000000000e+03
2.542248368263244629e+01,2.706200000000000117e+01,-4.431600000000000250e+01,2.737500000000000000e+01,5.610000000000000000e+02,6.653999999999999915e+00,2.378000000000000114e+00,1.109600000000000009e+01,3.000000000000000000e+01,5.624000000000000000e+03,2.383000000000000000e+03
2.645764756202697754e+01,2.712500000000000000e+01,-4.431600000000000250e+01,2.737500000000000000e+01,5.610000000000000000e+02,6.653999999999999915e+00,2.347999999999999865e+00,1.113199999999999967e+01,3.000000000000000000e+01,5.624000000000000000e+03,2.386000000000000000e+03
2.746628952026367188e+01,2.712500000000000000e+01,-4.431600000000000250e+01,2.737500000000000000e+01,5.600000000000000000e+02,6.653999999999999915e+00,2.378000000000000114e+00,1.120599999999999952e+01,3.000000000000000000e+01,5.627000000000000000e+03,2.390000000000000000e+03
2.847329497337341309e+01,2.718799999999999883e+01,-4.431600000000000250e+01,2.737500000000000000e+01,5.600000000000000000e+02,6.653999999999999915e+00,2.347999999999999865e+00,1.116900000000000048e+01,3.000000000000000000e+01,5.632000000000000000e+03,2.391000000000000000e+03
2.949290180206298828e+01,2.718799999999999883e+01,-4.431600000000000250e+01,2.737500000000000000e+01,5.600000000000000000e+02,6.653999999999999915e+00,2.347999999999999865e+00,1.109600000000000009e+01,3.000000000000000000e+01,5.633000000000000000e+03,2.387000000000000000e+03
3.048450016975402832e+01,2.725000000000000000e+01,-4.431600000000000250e+01,2.737500000000000000e+01,5.610000000000000000e+02,6.653999999999999915e+00,2.347999999999999865e+00,1.109600000000000009e+01,3.000000000000000000e+01,5.623000000000000000e+03,2.392000000000000000e+03
3.148288512229919434e+01,2.725000000000000000e+01,-4.431600000000000250e+01,2.731200000000000117e+01,5.620000000000000000e+02,6.653999999999999915e+00,2.318999999999999950e+00,1.109600000000000009e+01,3.000000000000000000e+01,5.635000000000000000e+03,2.390000000000000000e+03
3.248228240013122559e+01,2.731200000000000117e+01,-4.431600000000000250e+01,2.731200000000000117e+01,5.620000000000000000e+02,6.653999999999999915e+00,2.318999999999999950e+00,1.109600000000000009e+01,3.000000000000000000e+01,5.628000000000000000e+03,2.401000000000000000e+03
3.349844002723693848e+01,2.731200000000000117e+01,-4.431600000000000250e+01,2.731200000000000117e+01,5.630000000000000000e+02,6.653999999999999915e+00,2.318999999999999950e+00,1.109600000000000009e+01,3.000000000000000000e+01,5.629000000000000000e+03,2.396000000000000000e+03
3.450962018966674805e+01,2.737500000000000000e+01,-4.431600000000000250e+01,2.731200000000000117e+01,5.630000000000000000e+02,6.653999999999999915e+00,2.318999999999999950e+00,1.109600000000000009e+01,3.000000000000000000e+01,5.633000000000000000e+03,2.397000000000000000e+03
3.549860143661499023e+01,2.743799999999999883e+01,-4.431600000000000250e+01,2.731200000000000117e+01,5.640000000000000000e+02,6.653999999999999915e+00,2.347999999999999865e+00,1.113199999999999967e+01,3.000000000000000000e+01,5.631000000000000000e+03,2.399000000000000000e+03
3.651434302330017090e+01,2.743799999999999883e+01,-4.431600000000000250e+01,2.731200000000000117e+01,5.630000000000000000e+02,6.653999999999999915e+00,2.318999999999999950e+00,1.109600000000000009e+01,3.000000000000000000e+01,5.634000000000000000e+03,2.400000000000000000e+03
3.752614879608154297e+01,2.743799999999999883e+01,-4.431600000000000250e+01,2.731200000000000117e+01,5.640000000000000000e+02,6.653999999999999915e+00,2.318999999999999950e+00,1.113199999999999967e+01,3.000000000000000000e+01,5.630000000000000000e+03,2.405000000000000000e+03
3.852926230430603027e+01,2.750000000000000000e+01,-4.431600000000000250e+01,2.731200000000000117e+01,5.640000000000000000e+02,6.653999999999999915e+00,2.347999999999999865e+00,1.120599999999999952e+01,3.000000000000000000e+01,5.637000000000000000e+03,2.406000000000000000e+03
3.954323911666870117e+01,2.756200000000000117e+01,-4.431600000000000250e+01,2.731200000000000117e+01,5.650000000000000000e+02,6.653999999999999915e+00,2.318999999999999950e+00,1.120599999999999952e+01,3.000000000000000000e+01,5.628000000000000000e+03,2.401000000000000000e+03
4.054419612884521484e+01,2.756200000000000117e+01,-4.431600000000000250e+01,2.731200000000000117e+01,5.650000000000000000e+02,6.653999999999999915e+00,2.318999999999999950e+00,1.116900000000000048e+01,3.000000000000000000e+01,5.621000000000000000e+03,2.401000000000000000e+03
4.157199335098266602e+01,2.762500000000000000e+01,-4.431600000000000250e+01,2.731200000000000117e+01,5.650000000000000000e+02,6.653999999999999915e+00,2.318999999999999950e+00,1.116900000000000048e+01,3.000000000000000000e+01,5.630000000000000000e+03,2.402000000000000000e+03
4.298900222778320312e+01,2.762500000000000000e+01,-4.431600000000000250e+01,2.731200000000000117e+01,5.650000000000000000e+02,6.653999999999999915e+00,2.289000000000000146e+00,1.116900000000000048e+01,3.000000000000000000e+01,5.625000000000000000e+03,2.406000000000000000e+03
4.400627088546752930e+01,2.768799999999999883e+01,-4.431600000000000250e+01,2.731200000000000117e+01,5.640000000000000000e+02,6.653999999999999915e+00,2.289000000000000146e+00,1.113199999999999967e+01,3.000000000000000000e+01,5.630000000000000000e+03,2.414000000000000000e+03
4.500832915306091309e+01,2.768799999999999883e+01,-4.431600000000000250e+01,2.731200000000000117e+01,5.650000000000000000e+02,6.653999999999999915e+00,2.289000000000000146e+00,1.116900000000000048e+01,3.000000000000000000e+01,5.629000000000000000e+03,2.404000000000000000e+03
4.602392792701721191e+01,2.775000000000000000e+01,-4.431600000000000250e+01,2.731200000000000117e+01,5.650000000000000000e+02,6.653999999999999915e+00,2.258999999999999897e+00,1.113199999999999967e+01,3.000000000000000000e+01,5.633000000000000000e+03,2.415000000000000000e+03
4.702498817443847656e+01,2.775000000000000000e+01,-4.431600000000000250e+01,2.731200000000000117e+01,5.650000000000000000e+02,6.653999999999999915e+00,2.318999999999999950e+00,1.120599999999999952e+01,3.000000000000000000e+01,5.626000000000000000e+03,2.404000000000000000e+03
4.803889226913452148e+01,2.781200000000000117e+01,-4.431600000000000250e+01,2.731200000000000117e+01,5.650000000000000000e+02,6.653999999999999915e+00,2.289000000000000146e+00,1.113199999999999967e+01,3.000000000000000000e+01,5.628000000000000000e+03,2.416000000000000000e+03
4.904055118560791016e+01,2.787500000000000000e+01,-4.431600000000000250e+01,2.731200000000000117e+01,5.650000000000000000e+02,6.653999999999999915e+00,2.289000000000000146e+00,1.120599999999999952e+01,3.000000000000000000e+01,5.631000000000000000e+03,2.415000000000000000e+03
5.004059386253356934e+01,2.787500000000000000e+01,-4.431600000000000250e+01,2.731200000000000117e+01,5.660000000000000000e+02,6.653999999999999915e+00,2.289000000000000146e+00,1.116900000000000048e+01,3.000000000000000000e+01,5.631000000000000000e+03,2.423000000000000000e+03
5.105548191070556641e+01,2.793799999999999883e+01,-4.431600000000000250e+01,2.731200000000000117e+01,5.660000000000000000e+02,6.653999999999999915e+00,2.289000000000000146e+00,1.124300000000000033e+01,3.000000000000000000e+01,5.633000000000000000e+03,2.423000000000000000e+03
5.205367112159729004e+01,2.793799999999999883e+01,-4.431600000000000250e+01,2.731200000000000117e+01,5.660000000000000000e+02,6.653999999999999915e+00,2.289000000000000146e+00,1.116900000000000048e+01,3.000000000000000000e+01,5.635000000000000000e+03,2.417000000000000000e+03
5.306838703155517578e+01,2.800000000000000000e+01,-4.431600000000000250e+01,2.731200000000000117e+01,5.660000000000000000e+02,6.653999999999999915e+00,2.289000000000000146e+00,1.127899999999999991e+01,3.000000000000000000e+01,5.636000000000000000e+03,2.419000000000000000e+03
5.407156586647033691e+01,2.806200000000000117e+01,-4.431600000000000250e+01,2.731200000000000117e+01,5.650000000000000000e+02,6.653999999999999915e+00,2.229000000000000092e+00,1.113199999999999967e+01,3.000000000000000000e+01,5.644000000000000000e+03,2.425000000000000000e+03
5.507287526130676270e+01,2.806200000000000117e+01,-4.431600000000000250e+01,2.731200000000000117e+01,5.660000000000000000e+02,6.653999999999999915e+00,2.289000000000000146e+00,1.116900000000000048e+01,3.000000000000000000e+01,5.635000000000000000e+03,2.414000000000000000e+03
5.608012533187866211e+01,2.812500000000000000e+01,-4.431600000000000250e+01,2.731200000000000117e+01,5.670000000000000000e+02,6.653999999999999915e+00,2.289000000000000146e+00,1.120599999999999952e+01,3.000000000000000000e+01,5.638000000000000000e+03,2.423000000000000000e+03
5.709054088592529297e+01,2.812500000000000000e+01,-4.431600000000000250e+01,2.731200000000000117e+01,5.680000000000000000e+02,6.653999999999999915e+00,2.347999999999999865e+00,1.116900000000000048e+01,3.000000000000000000e+01,5.640000000000000000e+03,2.427000000000000000e+03
5.809084749221801758e+01,2.818799999999999883e+01,-4.431600000000000250e+01,2.731200000000000117e+01,5.680000000000000000e+02,6.653999999999999915e+00,2.289000000000000146e+00,1.116900000000000048e+01,3.000000000000000000e+01,5.640000000000000000e+03,2.426000000000000000e+03
5.909251427650451660e+01,2.825000000000000000e+01,-4.431600000000000250e+01,2.731200000000000117e+01,5.680000000000000000e+02,6.653999999999999915e+00,2.258999999999999897e+00,1.116900000000000048e+01,3.000000000000000000e+01,5.643000000000000000e+03,2.429000000000000000e+03
6.009507966041564941e+01,2.825000000000000000e+01,-4.431600000000000250e+01,2.731200000000000117e+01,5.690000000000000000e+02,6.653999999999999915e+00,2.258999999999999897e+00,1.124300000000000033e+01,3.000000000000000000e+01,5.638000000000000000e+03,2.434000000000000000e+03
6.113698363304138184e+01,2.831200000000000117e+01,-4.431600000000000250e+01,2.731200000000000117e+01,5.690000000000000000e+02,6.653999999999999915e+00,2.229000000000000092e+00,1.116900000000000048e+01,3.000000000000000000e+01,5.643000000000000000e+03,2.433000000000000000e+03
6.223702073097229004e+01,2.837500000000000000e+01,-4.431600000000000250e+01,2.731200000000000117e+01,5.680000000000000000e+02,6.653999999999999915e+00,2.258999999999999897e+00,1.116900000000000048e+01,3.000000000000000000e+01,5.646000000000000000e+03,2.426000000000000000e+03
6.332236194610595703e+01,2.843799999999999883e+01,-4.431600000000000250e+01,2.731200000000000117e+01,5.680000000000000000e+02,6.653999999999999915e+00,2.229000000000000092e+00,1.120599999999999952e+01,3.000000000000000000e+01,5.642000000000000000e+03,2.427000000000000000e+03
6.432217454910278320e+01,2.843799999999999883e+01,-4.431600000000000250e+01,2.731200000000000117e+01,5.680000000000000000e+02,6.653999999999999915e+00,2.258999999999999897e+00,1.124300000000000033e+01,3.000000000000000000e+01,5.643000000000000000e+03,2.431000000000000000e+03
6.533208465576171875e+01,2.850000000000000000e+01,-4.431600000000000250e+01,2.731200000000000117e+01,5.680000000000000000e+02,6.653999999999999915e+00,2.258999999999999897e+00,1.127899999999999991e+01,3.000000000000000000e+01,5.642000000000000000e+03,2.428000000000000000e+03
6.651610779762268066e+01,2.856200000000000117e+01,-4.431600000000000250e+01,2.731200000000000117e+01,5.690000000000000000e+02,6.653999999999999915e+00,2.258999999999999897e+00,1.127899999999999991e+01,3.000000000000000000e+01,5.639000000000000000e+03,2.430000000000000000e+03
6.750572419166564941e+01,2.856200000000000117e+01,-4.431600000000000250e+01,2.731200000000000117e+01,5.690000000000000000e+02,6.653999999999999915e+00,2.258999999999999897e+00,1.131600000000000072e+01,3.000000000000000000e+01,5.645000000000000000e+03,2.435000000000000000e+03
6.867019605636596680e+01,2.862500000000000000e+01,-4.431600000000000250e+01,2.731200000000000117e+01,5.700000000000000000e+02,6.653999999999999915e+00,2.229000000000000092e+00,1.120599999999999952e+01,3.000000000000000000e+01,5.644000000000000000e+03,2.433000000000000000e+03
6.967991352081298828e+01,2.868799999999999883e+01,-4.431600000000000250e+01,2.731200000000000117e+01,5.710000000000000000e+02,6.653999999999999915e+00,2.229000000000000092e+00,1.124300000000000033e+01,3.000000000000000000e+01,5.637000000000000000e+03,2.427000000000000000e+03
7.106573033332824707e+01,2.868799999999999883e+01,-4.431600000000000250e+01,2.731200000000000117e+01,5.710000000000000000e+02,6.653999999999999915e+00,2.229000000000000092e+00,1.120599999999999952e+01,3.000000000000000000e+01,5.636000000000000000e+03,2.434000000000000000e+03
7.192424964904785156e+01,2.875000000000000000e+01,-4.431600000000000250e+01,2.737500000000000000e+01,5.710000000000000000e+02,6.653999999999999915e+00,2.229000000000000092e+00,1.127899999999999991e+01,3.000000000000000000e+01,5.642000000000000000e+03,2.428000000000000000e+03
7.292933702468872070e+01,2.881200000000000117e+01,-4.431600000000000250e+01,2.737500000000000000e+01,5.720000000000000000e+02,6.653999999999999915e+00,2.200000000000000178e+00,1.120599999999999952e+01,3.000000000000000000e+01,5.640000000000000000e+03,2.425000000000000000e+03
7.393371677398681641e+01,2.881200000000000117e+01,-4.431600000000000250e+01,2.737500000000000000e+01,5.730000000000000000e+02,6.653999999999999915e+00,2.229000000000000092e+00,1.127899999999999991e+01,3.000000000000000000e+01,5.646000000000000000e+03,2.437000000000000000e+03
7.493037366867065430e+01,2.887500000000000000e+01,-4.431600000000000250e+01,2.737500000000000000e+01,5.730000000000000000e+02,6.653999999999999915e+00,2.229000000000000092e+00,1.116900000000000048e+01,3.000000000000000000e+01,5.643000000000000000e+03,2.426000000000000000e+03
7.594555950164794922e+01,2.893799999999999883e+01,-4.431600000000000250e+01,2.737500000000000000e+01,5.730000000000000000e+02,6.653999999999999915e+00,2.229000000000000092e+00,1.120599999999999952e+01,3.000000000000000000e+01,5.641000000000000000e+03,2.428000000000000000e+03
7.694917750358581543e+01,2.893799999999999883e+01,-4.431600000000000250e+01,2.737500000000000000e+01,5.730000000000000000e+02,6.653999999999999915e+00,2.200000000000000178e+00,1.124300000000000033e+01,3.000000000000000000e+01,5.635000000000000000e+03,2.431000000000000000e+03
7.796156263351440430e+01,2.900000000000000000e+01,-4.431600000000000250e+01,2.737500000000000000e+01,5.740000000000000000e+02,6.653999999999999915e+00,2.200000000000000178e+00,1.124300000000000033e+01,3.000000000000000000e+01,5.633000000000000000e+03,2.438000000000000000e+03
7.896457314491271973e+01,2.906200000000000117e+01,-4.431600000000000250e+01,2.737500000000000000e+01,5.770000000000000000e+02,6.653999999999999915e+00,2.200000000000000178e+00,1.124300000000000033e+01,3.000000000000000000e+01,5.630000000000000000e+03,2.426000000000000000e+03
7.997941660881042480e+01,2.906200000000000117e+01,-4.431600000000000250e+01,2.743799999999999883e+01,5.770000000000000000e+02,6.653999999999999915e+00,2.200000000000000178e+00,1.124300000000000033e+01,3.000000000000000000e+01,5.633000000000000000e+03,2.433000000000000000e+03
8.098663759231567383e+01,2.912500000000000000e+01,-4.431600000000000250e+01,2.743799999999999883e+01,5.760000000000000000e+02,6.653999999999999915e+00,2.200000000000000178e+00,1.124300000000000033e+01,3.000000000000000000e+01,5.634000000000000000e+03,2.440000000000000000e+03
8.199381327629089355e+01,2.918799999999999883e+01,-4.431600000000000250e+01,2.743799999999999883e+01,5.750000000000000000e+02,6.653999999999999915e+00,2.200000000000000178e+00,1.120599999999999952e+01,3.000000000000000000e+01,5.626000000000000000e+03,2.432000000000000000e+03
8.299590802192687988e+01,2.918799999999999883e+01,-4.431600000000000250e+01,2.743799999999999883e+01,5.760000000000000000e+02,6.653999999999999915e+00,2.200000000000000178e+00,1.124300000000000033e+01,3.000000000000000000e+01,5.626000000000000000e+03,2.427000000000000000e+03
8.400086927413940430e+01,2.925000000000000000e+01,-4.431600000000000250e+01,2.743799999999999883e+01,5.760000000000000000e+02,6.653999999999999915e+00,2.200000000000000178e+00,1.120599999999999952e+01,3.000000000000000000e+01,5.628000000000000000e+03,2.440000000000000000e+03
8.500790905952453613e+01,2.925000000000000000e+01,-4.431600000000000250e+01,2.743799999999999883e+01,5.760000000000000000e+02,6.653999999999999915e+00,2.200000000000000178e+00,1.113199999999999967e+01,3.000000000000000000e+01,5.630000000000000000e+03,2.435000000000000000e+03
8.602247095108032227e+01,2.931200000000000117e+01,-4.431600000000000250e+01,2.743799999999999883e+01,5.760000000000000000e+02,6.264000000000000234e+00,2.169999999999999929e+00,1.124300000000000033e+01,3.000000000000000000e+01,5.622000000000000000e+03,2.431000000000000000e+03
8.702561974525451660e+01,2.937500000000000000e+01,-4.431600000000000250e+01,2.743799999999999883e+01,5.760000000000000000e+02,6.264000000000000234e+00,2.200000000000000178e+00,1.120599999999999952e+01,3.000000000000000000e+01,5.625000000000000000e+03,2.432000000000000000e+03
8.803084254264831543e+01,2.943799999999999883e+01,-4.431600000000000250e+01,2.743799999999999883e+01,5.750000000000000000e+02,6.653999999999999915e+00,2.200000000000000178e+00,1.127899999999999991e+01,3.000000000000000000e+01,5.621000000000000000e+03,2.434000000000000000e+03
8.904224514961242676e+01,2.943799999999999883e+01,-4.431600000000000250e+01,2.743799999999999883e+01,5.750000000000000000e+02,6.653999999999999915e+00,2.169999999999999929e+00,1.120599999999999952e+01,3.000000000000000000e+01,5.619000000000000000e+03,2.432000000000000000e+03
9.005686616897583008e+01,2.950000000000000000e+01,-4.431600000000000250e+01,2.743799999999999883e+01,5.750000000000000000e+02,6.653999999999999915e+00,2.169999999999999929e+00,1.127899999999999991e+01,3.000000000000000000e+01,5.621000000000000000e+03,2.433000000000000000e+03
9.105885505676269531e+01,2.956200000000000117e+01,-4.431600000000000250e+01,2.743799999999999883e+01,5.730000000000000000e+02,6.653999999999999915e+00,2.200000000000000178e+00,1.120599999999999952e+01,3.000000000000000000e+01,5.612000000000000000e+03,2.433000000000000000e+03
9.206122922897338867e+01,2.956200000000000117e+01,-4.431600000000000250e+01,2.743799999999999883e+01,5.720000000000000000e+02,6.653999999999999915e+00,2.140000000000000124e+00,1.135299999999999976e+01,3.000000000000000000e+01,5.619000000000000000e+03,2.433000000000000000e+03
9.307353878021240234e+01,2.962500000000000000e+01,-4.431600000000000250e+01,2.743799999999999883e+01,5.700000000000000000e+02,6.653999999999999915e+00,2.140000000000000124e+00,1.127899999999999991e+01,3.000000000000000000e+01,5.612000000000000000e+03,2.427000000000000000e+03
9.407679486274719238e+01,2.968799999999999883e+01,-4.431600000000000250e+01,2.743799999999999883e+01,5.690000000000000000e+02,6.653999999999999915e+00,2.111000000000000210e+00,1.120599999999999952e+01,3.000000000000000000e+01,5.609000000000000000e+03,2.431000000000000000e+03
9.509119558334350586e+01,2.968799999999999883e+01,-4.431600000000000250e+01,2.743799999999999883e+01,5.710000000000000000e+02,6.653999999999999915e+00,2.140000000000000124e+00,1.120599999999999952e+01,3.000000000000000000e+01,5.605000000000000000e+03,2.443000000000000000e+03
9.609216284751892090e+01,2.975000000000000000e+01,-4.431600000000000250e+01,2.743799999999999883e+01,5.700000000000000000e+02,6.653999999999999915e+00,2.169999999999999929e+00,1.120599999999999952e+01,3.000000000000000000e+01,5.600000000000000000e+03,2.433000000000000000e+03
9.710605263710021973e+01,2.981200000000000117e+01,-4.431600000000000250e+01,2.750000000000000000e+01,5.710000000000000000e+02,6.653999999999999915e+00,2.111000000000000210e+00,1.127899999999999991e+01,3.000000000000000000e+01,5.597000000000000000e+03,2.435000000000000000e+03
9.810914683341979980e+01,2.987500000000000000e+01,-4.431600000000000250e+01,2.750000000000000000e+01,5.710000000000000000e+02,6.653999999999999915e+00,2.169999999999999929e+00,1.127899999999999991e+01,3.000000000000000000e+01,5.599000000000000000e+03,2.435000000000000000e+03
9.911228299140930176e+01,2.987500000000000000e+01,-4.431600000000000250e+01,2.750000000000000000e+01,5.700000000000000000e+02,6.653999999999999915e+00,2.169999999999999929e+00,1.131600000000000072e+01,3.000000000000000000e+01,5.603000000000000000e+03,2.437000000000000000e+03
1.001254072189331055e+02,2.993799999999999883e+01,-4.431600000000000250e+01,2.750000000000000000e+01,5.710000000000000000e+02,6.653999999999999915e+00,2.140000000000000124e+00,1.127899999999999991e+01,3.000000000000000000e+01,5.587000000000000000e+03,2.436000000000000000e+03
1.011295778751373291e+02,3.000000000000000000e+01,-4.431600000000000250e+01,2.750000000000000000e+01,5.710000000000000000e+02,6.653999999999999915e+00,2.169999999999999929e+00,1.131600000000000072e+01,3.000000000000000000e+01,5.592000000000000000e+03,2.426000000000000000e+03
1.021420402526855469e+02,3.000000000000000000e+01,-4.431600000000000250e+01,2.750000000000000000e+01,5.710000000000000000e+02,6.653999999999999915e+00,2.140000000000000124e+00,1.120599999999999952e+01,3.000000000000000000e+01,5.596000000000000000e+03,2.435000000000000000e+03
1.031441745758056641e+02,3.006200000000000117e+01,-4.431600000000000250e+01,2.750000000000000000e+01,5.700000000000000000e+02,6.653999999999999915e+00,2.140000000000000124e+00,1.120599999999999952e+01,3.000000000000000000e+01,5.600000000000000000e+03,2.428000000000000000e+03
1.041568315029144287e+02,3.012500000000000000e+01,-4.431600000000000250e+01,2.750000000000000000e+01,5.690000000000000000e+02,6.653999999999999915e+00,2.140000000000000124e+00,1.127899999999999991e+01,3.000000000000000000e+01,5.591000000000000000e+03,2.421000000000000000e+03
1.051591379642486572e+02,3.018799999999999883e+01,-4.431600000000000250e+01,2.750000000000000000e+01,5.680000000000000000e+02,6.653999999999999915e+00,0.000000000000000000e+00,1.230799999999999983e+01,3.000000000000000000e+01,5.605000000000000000e+03,2.431000000000000000e+03
1.061597802639007568e+02,3.018799999999999883e+01,-4.431600000000000250e+01,2.750000000000000000e+01,5.680000000000000000e+02,6.653999999999999915e+00,0.000000000000000000e+00,1.238199999999999967e+01,3.000000000000000000e+01,5.596000000000000000e+03,2.429000000000000000e+03
1.071598021984100342e+02,3.025000000000000000e+01,-4.431600000000000250e+01,2.750000000000000000e+01,5.690000000000000000e+02,6.653999999999999915e+00,0.000000000000000000e+00,1.234500000000000064e+01,3.000000000000000000e+01,5.591000000000000000e+03,2.425000000000000000e+03
1.081608405113220215e+02,3.031200000000000117e+01,-4.431600000000000250e+01,2.750000000000000000e+01,5.690000000000000000e+02,6.653999999999999915e+00,0.000000000000000000e+00,1.230799999999999983e+01,3.000000000000000000e+01,5.594000000000000000e+03,2.434000000000000000e+03
1.091618895530700684e+02,3.037500000000000000e+01,-4.431600000000000250e+01,2.750000000000000000e+01,5.670000000000000000e+02,6.653999999999999915e+00,0.000000000000000000e+00,1.230799999999999983e+01,3.000000000000000000e+01,5.586000000000000000e+03,2.432000000000000000e+03
1.101667072772979736e+02,3.037500000000000000e+01,-4.431600000000000250e+01,2.750000000000000000e+01,5.670000000000000000e+02,6.653999999999999915e+00,0.000000000000000000e+00,1.234500000000000064e+01,3.000000000000000000e+01,5.589000000000000000e+03,2.424000000000000000e+03
1.111638982295989990e+02,3.043799999999999883e+01,-4.431600000000000250e+01,2.750000000000000000e+01,5.660000000000000000e+02,6.653999999999999915e+00,0.000000000000000000e+00,1.234500000000000064e+01,3.000000000000000000e+01,5.593000000000000000e+03,2.424000000000000000e+03
1.121744441986083984e+02,3.050000000000000000e+01,-4.431600000000000250e+01,2.750000000000000000e+01,5.650000000000000000e+02,6.653999999999999915e+00,0.000000000000000000e+00,1.234500000000000064e+01,3.000000000000000000e+01,5.595000000000000000e+03,2.433000000000000000e+03
1.131753680706024170e+02,3.056200000000000117e+01,-4.431600000000000250e+01,2.750000000000000000e+01,5.640000000000000000e+02,6.653999999999999915e+00,0.000000000000000000e+00,1.230799999999999983e+01,3.000000000000000000e+01,5.596000000000000000e+03,2.427000000000000000e+03
1.141762149333953857e+02,3.056200000000000117e+01,-4.431600000000000250e+01,2.750000000000000000e+01,5.620000000000000000e+02,6.653999999999999915e+00,0.000000000000000000e+00,1.234500000000000064e+01,3.000000000000000000e+01,5.590000000000000000e+03,2.423000000000000000e+03
1.151909675598144531e+02,3.062500000000000000e+01,-4.431600000000000250e+01,2.756200000000000117e+01,5.620000000000000000e+02,6.653999999999999915e+00,0.000000000000000000e+00,1.230799999999999983e+01,3.000000000000000000e+01,5.592000000000000000e+03,2.419000000000000000e+03
1.161934745311737061e+02,3.068799999999999883e+01,-4.431600000000000250e+01,2.756200000000000117e+01,5.610000000000000000e+02,6.653999999999999915e+00,0.000000000000000000e+00,1.230799999999999983e+01,3.000000000000000000e+01,5.602000000000000000e+03,2.424000000000000000e+03
1.172090611457824707e+02,3.068799999999999883e+01,-4.431600000000000250e+01,2.756200000000000117e+01,5.610000000000000000e+02,6.653999999999999915e+00,0.000000000000000000e+00,1.238199999999999967e+01,3.000000000000000000e+01,5.602000000000000000e+03,2.428000000000000000e+03
1.182127516269683838e+02,3.081200000000000117e+01,-4.431600000000000250e+01,2.756200000000000117e+01,5.610000000000000000e+02,6.653999999999999915e+00,0.000000000000000000e+00,1.234500000000000064e+01,3.000000000000000000e+01,5.596000000000000000e+03,2.428000000000000000e+03
1.192263605594635010e+02,3.081200000000000117e+01,-4.431600000000000250e+01,2.756200000000000117e+01,5.600000000000000000e+02,6.653999999999999915e+00,0.000000000000000000e+00,1.230799999999999983e+01,3.000000000000000000e+01,5.603000000000000000e+03,2.426000000000000000e+03
1.202293734550476074e+02,3.087500000000000000e+01,-4.431600000000000250e+01,2.756200000000000117e+01,5.610000000000000000e+02,6.653999999999999915e+00,0.000000000000000000e+00,1.238199999999999967e+01,3.000000000000000000e+01,5.607000000000000000e+03,2.431000000000000000e+03
1.212325677871704102e+02,3.093799999999999883e+01,-4.431600000000000250e+01,2.756200000000000117e+01,5.600000000000000000e+02,6.653999999999999915e+00,0.000000000000000000e+00,1.230799999999999983e+01,3.000000000000000000e+01,5.602000000000000000e+03,2.433000000000000000e+03
1.222433998584747314e+02,3.093799999999999883e+01,-4.431600000000000250e+01,2.756200000000000117e+01,5.590000000000000000e+02,6.653999999999999915e+00,0.000000000000000000e+00,1.230799999999999983e+01,3.000000000000000000e+01,5.603000000000000000e+03,2.430000000000000000e+03
1.232450630664825439e+02,3.100000000000000000e+01,-4.431600000000000250e+01,2.756200000000000117e+01,5.580000000000000000e+02,6.653999999999999915e+00,0.000000000000000000e+00,1.234500000000000064e+01,3.000000000000000000e+01,5.601000000000000000e+03,2.430000000000000000e+03
1.242606141567230225e+02,3.100000000000000000e+01,-4.431600000000000250e+01,2.756200000000000117e+01,5.590000000000000000e+02,6.653999999999999915e+00,0.000000000000000000e+00,1.238199999999999967e+01,3.000000000000000000e+01,5.612000000000000000e+03,2.431000000000000000e+03
1.252751729488372803e+02,3.106200000000000117e+01,-4.431600000000000250e+01,2.756200000000000117e+01,5.590000000000000000e+02,6.653999999999999915e+00,0.000000000000000000e+00,1.227100000000000080e+01,3.000000000000000000e+01,5.606000000000000000e+03,2.420000000000000000e+03
1.262814433574676514e+02,3.112500000000000000e+01,-4.431600000000000250e+01,2.756200000000000117e+01,5.580000000000000000e+02,6.653999999999999915e+00,0.000000000000000000e+00,1.234500000000000064e+01,3.000000000000000000e+01,5.603000000000000000e+03,2.433000000000000000e+03
1.272928798198699951e+02,3.112500000000000000e+01,-4.431600000000000250e+01,2.756200000000000117e+01,5.580000000000000000e+02,6.653999999999999915e+00,0.000000000000000000e+00,1.234500000000000064e+01,3.000000000000000000e+01,5.608000000000000000e+03,2.439000000000000000e+03
1.283068552017211914e+02,3.118799999999999883e+01,-4.431600000000000250e+01,2.762500000000000000e+01,5.580000000000000000e+02,6.653999999999999915e+00,0.000000000000000000e+00,1.230799999999999983e+01,3.000000000000000000e+01,5.605000000000000000e+03,2.429000000000000000e+03
1.293122136592864990e+02,3.118799999999999883e+01,-4.431600000000000250e+01,2.762500000000000000e+01,5.590000000000000000e+02,6.653999999999999915e+00,0.000000000000000000e+00,1.238199999999999967e+01,3.000000000000000000e+01,5.601000000000000000e+03,2.418000000000000000e+03
1.303141705989837646e+02,3.125000000000000000e+01,-4.431600000000000250e+01,2.762500000000000000e+01,5.590000000000000000e+02,6.653999999999999915e+00,0.000000000000000000e+00,1.238199999999999967e+01,3.000000000000000000e+01,5.604000000000000000e+03,2.427000000000000000e+03
1.313147256374359131e+02,3.125000000000000000e+01,-4.431600000000000250e+01,2.762500000000000000e+01,5.560000000000000000e+02,6.653999999999999915e+00,0.000000000000000000e+00,1.227100000000000080e+01,3.000000000000000000e+01,5.603000000000000000e+03,2.418000000000000000e+03
1.323168244361877441e+02,3.131200000000000117e+01,-4.431600000000000250e+01,2.762500000000000000e+01,5.540000000000000000e+02,6.653999999999999915e+00,0.000000000000000000e+00,1.238199999999999967e+01,3.000000000000000000e+01,5.603000000000000000e+03,2.429000000000000000e+03
1.333276650905609131e+02,3.131200000000000117e+01,-4.431600000000000250e+01,2.762500000000000000e+01,5.540000000000000000e+02,6.653999999999999915e+00,0.000000000000000000e+00,1.234500000000000064e+01,3.000000000000000000e+01,5.600000000000000000e+03,2.424000000000000000e+03
1.343282542228698730e+02,3.137500000000000000e+01,-4.431600000000000250e+01,2.762500000000000000e+01,5.540000000000000000e+02,6.653999999999999915e+00,0.000000000000000000e+00,1.241799999999999926e+01,3.000000000000000000e+01,5.602000000000000000e+03,2.427000000000000000e+03
1.353302752971649170e+02,3.143799999999999883e+01,-4.431600000000000250e+01,2.762500000000000000e+01,5.540000000000000000e+02,6.653999999999999915e+00,0.000000000000000000e+00,1.238199999999999967e+01,3.000000000000000000e+01,5.605000000000000000e+03,2.425000000000000000e+03
1.363453409671783447e+02,3.143799999999999883e+01,-4.431600000000000250e+01,2.762500000000000000e+01,5.530000000000000000e+02,6.653999999999999915e+00,0.000000000000000000e+00,1.234500000000000064e+01,3.000000000000000000e+01,5.592000000000000000e+03,2.415000000000000000e+03
1.373470165729522705e+02,3.150000000000000000e+01,-4.431600000000000250e+01,2.762500000000000000e+01,5.520000000000000000e+02,6.653999999999999915e+00,0.000000000000000000e+00,1.234500000000000064e+01,3.000000000000000000e+01,5.594000000000000000e+03,2.416000000000000000e+03
1.383608415126800537e+02,3.150000000000000000e+01,-4.431600000000000250e+01,2.762500000000000000e+01,5.510000000000000000e+02,6.653999999999999915e+00,0.000000000000000000e+00,1.238199999999999967e+01,3.000000000000000000e+01,5.597000000000000000e+03,2.430000000000000000e+03
1.393660776615142822e+02,3.150000000000000000e+01,-4.431600000000000250e+01,2.762500000000000000e+01,5.510000000000000000e+02,6.653999999999999915e+00,0.000000000000000000e+00,1.230799999999999983e+01,3.000000000000000000e+01,5.598000000000000000e+03,2.420000000000000000e+03
1.403765296936035156e+02,3.156200000000000117e+01,-4.431600000000000250e+01,2.762500000000000000e+01,5.490000000000000000e+02,6.653999999999999915e+00,0.000000000000000000e+00,1.234500000000000064e+01,3.000000000000000000e+01,5.590000000000000000e+03,2.422000000000000000e+03
1.413817493915557861e+02,3.156200000000000117e+01,-4.431600000000000250e+01,2.762500000000000000e+01,5.460000000000000000e+02,6.653999999999999915e+00,0.000000000000000000e+00,1.234500000000000064e+01,3.000000000000000000e+01,5.586000000000000000e+03,2.413000000000000000e+03
1.423942089080810547e+02,3.162500000000000000e+01,-4.431600000000000250e+01,2.762500000000000000e+01,5.480000000000000000e+02,6.653999999999999915e+00,0.000000000000000000e+00,1.234500000000000064e+01,3.000000000000000000e+01,5.588000000000000000e+03,2.432000000000000000e+03
1.433983850479125977e+02,3.162500000000000000e+01,-4.431600000000000250e+01,2.762500000000000000e+01,5.470000000000000000e+02,6.653999999999999915e+00,0.000000000000000000e+00,1.234500000000000064e+01,3.000000000000000000e+01,5.588000000000000000e+03,2.417000000000000000e+03
1.444098305702209473e+02,3.168799999999999883e+01,-4.431600000000000250e+01,2.768799999999999883e+01,5.470000000000000000e+02,6.653999999999999915e+00,0.000000000000000000e+00,1.230799999999999983e+01,3.000000000000000000e+01,5.586000000000000000e+03,2.421000000000000000e+03
1.454098324775695801e+02,3.168799999999999883e+01,-4.431600000000000250e+01,2.768799999999999883e+01,5.460000000000000000e+02,6.653999999999999915e+00,0.000000000000000000e+00,1.230799999999999983e+01,3.000000000000000000e+01,5.585000000000000000e+03,2.428000000000000000e+03
1.464129807949066162e+02,3.168799999999999883e+01,-4.431600000000000250e+01,2.768799999999999883e+01,5.450000000000000000e+02,6.653999999999999915e+00,0.000000000000000000e+00,1.234500000000000064e+01,3.000000000000000000e+01,5.588000000000000000e+03,2.427000000000000000e+03
1.474285659790039062e+02,3.175000000000000000e+01,-4.431600000000000250e+01,2.768799999999999883e+01,5.450000000000000000e+02,6.653999999999999915e+00,0.000000000000000000e+00,1.241799999999999926e+01,3.000000000000000000e+01,5.578000000000000000e+03,2.413000000000000000e+03
1.484437162876129150e+02,3.175000000000000000e+01,-4.431600000000000250e+01,2.768799999999999883e+01,5.450000000000000000e+02,6.653999999999999915e+00,0.000000000000000000e+00,1.230799999999999983e+01,3.000000000000000000e+01,5.584000000000000000e+03,2.411000000000000000e+03
1.494485611915588379e+02,3.181200000000000117e+01,-4.431600000000000250e+01,2.768799999999999883e+01,5.430000000000000000e+02,6.653999999999999915e+00,0.000000000000000000e+00,1.234500000000000064e+01,3.000000000000000000e+01,5.580000000000000000e+03,2.415000000000000000e+03
1.504614310264587402e+02,3.181200000000000117e+01,-4.431600000000000250e+01,2.768799999999999883e+01,5.420000000000000000e+02,6.653999999999999915e+00,0.000000000000000000e+00,1.234500000000000064e+01,3.000000000000000000e+01,5.578000000000000000e+03,2.409000000000000000e+03
1.514624571800231934e+02,3.181200000000000117e+01,-4.431600000000000250e+01,2.768799999999999883e+01,5.430000000000000000e+02,6.653999999999999915e+00,0.000000000000000000e+00,1.238199999999999967e+01,3.000000000000000000e+01,5.588000000000000000e+03,2.411000000000000000e+03
1.524634602069854736e+02,3.187500000000000000e+01,-4.431600000000000250e+01,2.768799999999999883e+01,5.430000000000000000e+02,6.653999999999999915e+00,0.000000000000000000e+00,1.234500000000000064e+01,3.000000000000000000e+01,5.584000000000000000e+03,2.422000000000000000e+03
1.534753417968750000e+02,3.187500000000000000e+01,-4.431600000000000250e+01,2.768799999999999883e+01,5.420000000000000000e+02,6.653999999999999915e+00,0.000000000000000000e+00,1.234500000000000064e+01,3.000000000000000000e+01,5.586000000000000000e+03,2.418000000000000000e+03
1.544848272800445557e+02,3.187500000000000000e+01,-4.431600000000000250e+01,2.768799999999999883e+01,5.420000000000000000e+02,6.653999999999999915e+00,0.000000000000000000e+00,1.230799999999999983e+01,3.000000000000000000e+01,5.583000000000000000e+03,2.417000000000000000e+03
1.554977643489837646e+02,3.193799999999999883e+01,-4.431600000000000250e+01,2.768799999999999883e+01,5.420000000000000000e+02,6.653999999999999915e+00,0.000000000000000000e+00,1.238199999999999967e+01,3.000000000000000000e+01,5.583000000000000000e+03,2.414000000000000000e+03
1.565122859477996826e+02,3.193799999999999883e+01,-4.431600000000000250e+01,2.768799999999999883e+01,5.430000000000000000e+02,6.653999999999999915e+00,0.000000000000000000e+00,1.234500000000000064e+01,3.000000000000000000e+01,5.579000000000000000e+03,2.417000000000000000e+03
1.575128154754638672e+02,3.193799999999999883e+01,-4.431600000000000250e+01,2.768799999999999883e+01,5.430000000000000000e+02,6.653999999999999915e+00,0.000000000000000000e+00,1.241799999999999926e+01,3.000000000000000000e+01,5.581000000000000000e+03,2.407000000000000000e+03
1.585154073238372803e+02,3.200000000000000000e+01,-4.431600000000000250e+01,2.768799999999999883e+01,5.420000000000000000e+02,6.653999999999999915e+00,0.000000000000000000e+00,1.234500000000000064e+01,3.000000000000000000e+01,5.580000000000000000e+03,2.414000000000000000e+03
1.595284316539764404e+02,3.200000000000000000e+01,-4.431600000000000250e+01,2.775000000000000000e+01,5.420000000000000000e+02,6.653999999999999915e+00,0.000000000000000000e+00,1.230799999999999983e+01,3.000000000000000000e+01,5.589000000000000000e+03,2.411000000000000000e+03
1.605330119132995605e+02,3.200000000000000000e+01,-4.431600000000000250e+01,2.775000000000000000e+01,5.420000000000000000e+02,6.653999999999999915e+00,0.000000000000000000e+00,1.234500000000000064e+01,3.000000000000000000e+01,5.588000000000000000e+03,2.415000000000000000e+03
1.615329842567443848e+02,3.206199999999999761e+01,-4.431600000000000250e+01,2.775000000000000000e+01,5.430000000000000000e+02,6.653999999999999915e+00,0.000000000000000000e+00,1.234500000000000064e+01,3.000000000000000000e+01,5.582000000000000000e+03,2.406000000000000000e+03
1.625338208675384521e+02,3.206199999999999761e+01,-4.431600000000000250e+01,2.775000000000000000e+01,5.430000000000000000e+02,6.653999999999999915e+00,0.000000000000000000e+00,1.234500000000000064e+01,3.000000000000000000e+01,5.577000000000000000e+03,2.410000000000000000e+03
1.635336079597473145e+02,3.206199999999999761e+01,-4.431600000000000250e+01,2.775000000000000000e+01,5.420000000000000000e+02,6.653999999999999915e+00,0.000000000000000000e+00,1.230799999999999983e+01,3.000000000000000000e+01,5.582000000000000000e+03,2.413000000000000000e+03
1.645306639671325684e+02,3.206199999999999761e+01,-4.431600000000000250e+01,2.775000000000000000e+01,5.400000000000000000e+02,6.653999999999999915e+00,0.000000000000000000e+00,1.230799999999999983e+01,3.000000000000000000e+01,5.585000000000000000e+03,2.403000000000000000e+03
1.655331640243530273e+02,3.212500000000000000e+01,-4.431600000000000250e+01,2.775000000000000000e+01,5.390000000000000000e+02,6.653999999999999915e+00,0.000000000000000000e+00,1.227100000000000080e+01,3.000000000000000000e+01,5.581000000000000000e+03,2.410000000000000000e+03
1.665429205894470215e+02,3.212500000000000000e+01,-4.431600000000000250e+01,2.775000000000000000e+01,5.380000000000000000e+02,6.653999999999999915e+00,0.000000000000000000e+00,1.230799999999999983e+01,3.000000000000000000e+01,5.591000000000000000e+03,2.405000000000000000e+03
1.675439851284027100e+02,3.212500000000000000e+01,-4.431600000000000250e+01,2.775000000000000000e+01,5.370000000000000000e+02,6.653999999999999915e+00,0.000000000000000000e+00,1.230799999999999983e+01,3.000000000000000000e+01,5.590000000000000000e+03,2.408000000000000000e+03
1.685590884685516357e+02,3.218800000000000239e+01,-4.431600000000000250e+01,2.775000000000000000e+01,5.360000000000000000e+02,6.653999999999999915e+00,0.000000000000000000e+00,1.230799999999999983e+01,3.000000000000000000e+01,5.588000000000000000e+03,2.413000000000000000e+03
1.695622434616088867e+02,3.218800000000000239e+01,-4.431600000000000250e+01,2.775000000000000000e+01,5.360000000000000000e+02,6.653999999999999915e+00,0.000000000000000000e+00,1.238199999999999967e+01,3.000000000000000000e+01,5.591000000000000000e+03,2.416000000000000000e+03
1.705751798152923584e+02,3.218800000000000239e+01,-4.431600000000000250e+01,2.775000000000000000e+01,5.370000000000000000e+02,6.653999999999999915e+00,0.000000000000000000e+00,1.227100000000000080e+01,3.000000000000000000e+01,5.588000000000000000e+03,2.414000000000000000e+03
1.715778925418853760e+02,3.218800000000000239e+01,-4.431600000000000250e+01,2.775000000000000000e+01,5.360000000000000000e+02,6.653999999999999915e+00,0.000000000000000000e+00,1.234500000000000064e+01,3.000000000000000000e+01,5.589000000000000000e+03,2.404000000000000000e+03
1.725917828083038330e+02,3.225000000000000000e+01,-4.431600000000000250e+01,2.775000000000000000e+01,5.360000000000000000e+02,6.653999999999999915e+00,0.000000000000000000e+00,1.230799999999999983e+01,3.000000000000000000e+01,5.593000000000000000e+03,2.413000000000000000e+03
1.735928742885589600e+02,3.225000000000000000e+01,-4.431600000000000250e+01,2.775000000000000000e+01,5.350000000000000000e+02,6.653999999999999915e+00,0.000000000000000000e+00,1.230799999999999983e+01,3.000000000000000000e+01,5.584000000000000000e+03,2.402000000000000000e+03
1.746009433269500732e+02,3.225000000000000000e+01,-4.431600000000000250e+01,2.775000000000000000e+01,5.350000000000000000e+02,6.653999999999999915e+00,0.000000000000000000e+00,1.230799999999999983e+01,3.000000000000000000e+01,5.585000000000000000e+03,2.408000000000000000e+03
1.755966022014617920e+02,3.225000000000000000e+01,-4.431600000000000250e+01,2.775000000000000000e+01,5.350000000000000000e+02,6.653999999999999915e+00,0.000000000000000000e+00,1.238199999999999967e+01,3.000000000000000000e+01,5.590000000000000000e+03,2.408000000000000000e+03
1.765986585617065430e+02,3.225000000000000000e+01,-4.431600000000000250e+01,2.775000000000000000e+01,5.350000000000000000e+02,6.653999999999999915e+00,0.000000000000000000e+00,1.230799999999999983e+01,3.000000000000000000e+01,5.591000000000000000e+03,2.413000000000000000e+03
1.776094458103179932e+02,3.231199999999999761e+01,-4.431600000000000250e+01,2.775000000000000000e+01,5.360000000000000000e+02,6.653999999999999915e+00,0.000000000000000000e+00,1.234500000000000064e+01,3.000000000000000000e+01,5.583000000000000000e+03,2.402000000000000000e+03
1.786105437278747559e+02,3.231199999999999761e+01,-4.431600000000000250e+01,2.775000000000000000e+01,5.360000000000000000e+02,6.653999999999999915e+00,0.000000000000000000e+00,1.238199999999999967e+01,3.000000000000000000e+01,5.585000000000000000e+03,2.411000000000000000e+03
1.796126379966735840e+02,3.231199999999999761e+01,-4.431600000000000250e+01,2.775000000000000000e+01,5.360000000000000000e+02,6.653999999999999915e+00,0.000000000000000000e+00,1.230799999999999983e+01,3.000000000000000000e+01,5.584000000000000000e+03,2.406000000000000000e+03
1.806277091503143311e+02,3.231199999999999761e+01,-4.431600000000000250e+01,2.775000000000000000e+01,5.360000000000000000e+02,6.653999999999999915e+00,0.000000000000000000e+00,1.234500000000000064e+01,3.000000000000000000e+01,5.578000000000000000e+03,2.404000000000000000e+03
1.816287994384765625e+02,3.231199999999999761e+01,-4.431600000000000250e+01,2.775000000000000000e+01,5.360000000000000000e+02,6.653999999999999915e+00,0.000000000000000000e+00,1.234500000000000064e+01,3.000000000000000000e+01,5.595000000000000000e+03,2.405000000000000000e+03
1.826417062282562256e+02,3.237500000000000000e+01,-4.431600000000000250e+01,2.775000000000000000e+01,5.360000000000000000e+02,6.653999999999999915e+00,0.000000000000000000e+00,1.230799999999999983e+01,3.000000000000000000e+01,5.587000000000000000e+03,2.398000000000000000e+03
1.836454408168792725e+02,3.237500000000000000e+01,-4.431600000000000250e+01,2.775000000000000000e+01,5.370000000000000000e+02,6.653999999999999915e+00,0.000000000000000000e+00,1.230799999999999983e+01,3.000000000000000000e+01,5.590000000000000000e+03,2.409000000000000000e+03
1.846600642204284668e+02,3.237500000000000000e+01,-4.431600000000000250e+01,2.775000000000000000e+01,5.370000000000000000e+02,6.653999999999999915e+00,0.000000000000000000e+00,1.230799999999999983e+01,3.000000000000000000e+01,5.591000000000000000e+03,2.395000000000000000e+03
1.856657130718231201e+02,3.237500000000000000e+01,-4.431600000000000250e+01,2.781200000000000117e+01,5.370000000000000000e+02,6.653999999999999915e+00,0.000000000000000000e+00,1.234500000000000064e+01,3.000000000000000000e+01,5.588000000000000000e+03,2.402000000000000000e+03
1.866647005081176758e+02,3.237500000000000000e+01,-4.431600000000000250e+01,2.781200000000000117e+01,5.370000000000000000e+02,6.653999999999999915e+00,0.000000000000000000e+00,1.238199999999999967e+01,3.000000000000000000e+01,5.591000000000000000e+03,2.409000000000000000e+03
1.876662898063659668e+02,3.237500000000000000e+01,-4.431600000000000250e+01,2.781200000000000117e+01,5.370000000000000000e+02,6.653999999999999915e+00,0.000000000000000000e+00,1.234500000000000064e+01,3.000000000000000000e+01,5.597000000000000000e+03,2.405000000000000000e+03
1.886777453422546387e+02,3.243800000000000239e+01,-4.431600000000000250e+01,2.781200000000000117e+01,5.370000000000000000e+02,6.653999999999999915e+00,0.000000000000000000e+00,1.234500000000000064e+01,3.000000000000000000e+01,5.592000000000000000e+03,2.394000000000000000e+03
1.896791641712188721e+02,3.243800000000000239e+01,-4.431600000000000250e+01,2.781200000000000117e+01,5.380000000000000000e+02,6.653999999999999915e+00,0.000000000000000000e+00,1.227100000000000080e+01,3.000000000000000000e+01,5.596000000000000000e+03,2.395000000000000000e+03
1.906818609237670898e+02,3.243800000000000239e+01,-4.431600000000000250e+01,2.781200000000000117e+01,5.390000000000000000e+02,6.653999999999999915e+00,0.000000000000000000e+00,1.230799999999999983e+01,3.000000000000000000e+01,5.600000000000000000e+03,2.400000000000000000e+03
1.916944401264190674e+02,3.243800000000000239e+01,-4.431600000000000250e+01,2.781200000000000117e+01,5.400000000000000000e+02,6.653999999999999915e+00,0.000000000000000000e+00,1.230799999999999983e+01,3.000000000000000000e+01,5.599000000000000000e+03,2.398000000000000000e+03
1.926958873271942139e+02,3.243800000000000239e+01,-4.431600000000000250e+01,2.781200000000000117e+01,5.400000000000000000e+02,6.653999999999999915e+00,0.000000000000000000e+00,1.230799999999999983e+01,3.000000000000000000e+01,5.605000000000000000e+03,2.403000000000000000e+03
1.937109408378601074e+02,3.243800000000000239e+01,-4.431600000000000250e+01,2.781200000000000117e+01,5.410000000000000000e+02,6.653999999999999915e+00,0.000000000000000000e+00,1.234500000000000064e+01,3.000000000000000000e+01,5.599000000000000000e+03,2.402000000000000000e+03
1.947124431133270264e+02,3.243800000000000239e+01,-4.431600000000000250e+01,2.781200000000000117e+01,5.420000000000000000e+02,6.653999999999999915e+00,0.000000000000000000e+00,1.234500000000000064e+01,3.000000000000000000e+01,5.603000000000000000e+03,2.401000000000000000e+03
1.957135000228881836e+02,3.243800000000000239e+01,-4.431600000000000250e+01,2.781200000000000117e+01,5.420000000000000000e+02,6.653999999999999915e+00,0.000000000000000000e+00,1.230799999999999983e+01,3.000000000000000000e+01,5.603000000000000000e+03,2.411000000000000000e+03
1.967161302566528320e+02,3.250000000000000000e+01,-4.431600000000000250e+01,2.781200000000000117e+01,5.410000000000000000e+02,6.653999999999999915e+00,0.000000000000000000e+00,1.227100000000000080e+01,3.000000000000000000e+01,5.604000000000000000e+03,2.401000000000000000e+03
1.977301192283630371e+02,3.250000000000000000e+01,-4.431600000000000250e+01,2.781200000000000117e+01,5.420000000000000000e+02,6.653999999999999915e+00,0.000000000000000000e+00,1.234500000000000064e+01,3.000000000000000000e+01,5.608000000000000000e+03,2.400000000000000000e+03
1.987339446544647217e+02,3.250000000000000000e+01,-4.431600000000000250e+01,2.781200000000000117e+01,5.410000000000000000e+02,6.653999999999999915e+00,0.000000000000000000e+00,1.227100000000000080e+01,3.000000000000000000e+01,5.604000000000000000e+03,2.398000000000000000e+03
1.997474362850189209e+02,3.250000000000000000e+01,-4.431600000000000250e+01,2.781200000000000117e+01,5.410000000000000000e+02,6.653999999999999915e+00,0.000000000000000000e+00,1.230799999999999983e+01,3.000000000000000000e+01,5.611000000000000000e+03,2.405000000000000000e+03
2.007339658737182617e+02,3.250000000000000000e+01,-4.431600000000000250e+01,2.781200000000000117e+01,5.410000000000000000e+02,6.653999999999999915e+00,0.000000000000000000e+00,1.227100000000000080e+01,3.000000000000000000e+01,5.608000000000000000e+03,2.407000000000000000e+03
2.017339947223663330e+02,3.250000000000000000e+01,-4.431600000000000250e+01,2.781200000000000117e+01,5.410000000000000000e+02,6.653999999999999915e+00,0.000000000000000000e+00,1.238199999999999967e+01,3.000000000000000000e+01,5.606000000000000000e+03,2.397000000000000000e+03
